_id,city,dock_count,installation_date,lat,long,mean_tempruture_f,name,station_id,trips_id
660ddc65be9f923d5a0f0c5e,Palo Alto,23,8/14/2013,37.443988,-122.164759,,Palo Alto Caltrain Station,34,
660ddc6a7688989aadcd1742,Palo Alto,23,8/14/2013,37.443988,-122.164759,,Palo Alto Caltrain Station,34,
660ddc65be9f923d5a0f0c51,Redwood City,25,8/15/2013,37.486078000000006,-122.23208899999999,,Redwood City Caltrain Station,22,
660ddc65be9f923d5a0f0c57,Mountain View,23,8/15/2013,37.406940000000006,-122.10675800000001,,San Antonio Caltrain Station,29,
660ddc65be9f923d5a0f0c59,Mountain View,23,8/15/2013,37.394358000000004,-122.07671299999998,,Mountain View Caltrain Station,28,
660ddc6a7688989aadcd1733,Redwood City,25,8/15/2013,37.486078000000006,-122.23208899999999,,Redwood City Caltrain Station,22,
660ddc6a7688989aadcd173a,Mountain View,23,8/15/2013,37.394358000000004,-122.07671299999998,,Mountain View Caltrain Station,28,
660ddc6a7688989aadcd173b,Mountain View,23,8/15/2013,37.406940000000006,-122.10675800000001,,San Antonio Caltrain Station,29,
660ddc65be9f923d5a0f0c6d,San Francisco,23,8/20/2013,37.789756,-122.39464299999999,,Temporary Transbay Terminal (Howard at Beale),55,
660ddc65be9f923d5a0f0c75,San Francisco,23,8/20/2013,37.795392,-122.394203,,Harry Bridges Plaza (Ferry Building),50,
660ddc6a7688989aadcd1751,San Francisco,23,8/20/2013,37.795392,-122.394203,,Harry Bridges Plaza (Ferry Building),50,
660ddc6a7688989aadcd1761,San Francisco,23,8/20/2013,37.789756,-122.39464299999999,,Temporary Transbay Terminal (Howard at Beale),55,
660ddc65be9f923d5a0f0c73,San Francisco,23,8/21/2013,37.781332,-122.418603,,Golden Gate at Polk,59,
660ddc6a7688989aadcd176e,San Francisco,23,8/21/2013,37.781332,-122.418603,,Golden Gate at Polk,59,
660ddc65be9f923d5a0f0c78,San Francisco,27,8/22/2013,37.780526,-122.39028799999998,,2nd at Townsend,61,
660ddc6a7688989aadcd1756,San Francisco,27,8/22/2013,37.780526,-122.39028799999998,,2nd at Townsend,61,
660ddc65be9f923d5a0f0c79,San Francisco,27,8/23/2013,37.776619000000004,-122.41738500000001,,Market at 10th,67,
660ddc65be9f923d5a0f0c7b,San Francisco,23,8/23/2013,37.7766,-122.39546999999999,,San Francisco Caltrain 2 (330 Townsend),69,
660ddc65be9f923d5a0f0c7f,San Francisco,23,8/23/2013,37.781039,-122.411748,,Civic Center BART (7th at Market),72,
660ddc6a7688989aadcd175d,San Francisco,27,8/23/2013,37.776619000000004,-122.41738500000001,,Market at 10th,67,
660ddc6a7688989aadcd175e,San Francisco,23,8/23/2013,37.7766,-122.39546999999999,,San Francisco Caltrain 2 (330 Townsend),69,
660ddc6a7688989aadcd1763,San Francisco,23,8/23/2013,37.781039,-122.411748,,Civic Center BART (7th at Market),72,
660ddc65be9f923d5a0f0c81,San Francisco,23,8/25/2013,37.794139,-122.394434,,Steuart at Market,74,
660ddc65be9f923d5a0f0c86,San Francisco,27,8/25/2013,37.789625,-122.400811,,Market at Sansome,77,
660ddc6a7688989aadcd1767,San Francisco,27,8/25/2013,37.789625,-122.400811,,Market at Sansome,77,
660ddc6a7688989aadcd1768,San Francisco,23,8/25/2013,37.794139,-122.394434,,Steuart at Market,74,
660ddc65be9f923d5a0f0c50,San Jose,27,8/6/2013,37.329732,-121.90178200000001,,San Jose Diridon Caltrain Station,2,
660ddc6a7688989aadcd1737,San Jose,27,8/6/2013,37.329732,-121.90178200000001,,San Jose Diridon Caltrain Station,2,
