[
    {
        "city": "San Jose",
        "dock_count": 27,
        "installation_date": "8/6/2013",
        "lat": 37.329732,
        "long": -121.90178200000001,
        "mean_tempruture_f": null,
        "name": "San Jose Diridon Caltrain Station",
        "station_id": 2,
        "trips_id": null
    },
    {
        "city": "San Jose",
        "dock_count": 15,
        "installation_date": "8/5/2013",
        "lat": 37.330698,
        "long": -121.888979,
        "mean_tempruture_f": null,
        "name": "San Jose Civic Center",
        "station_id": 3,
        "trips_id": null
    },
    {
        "city": "San Jose",
        "dock_count": 11,
        "installation_date": "8/6/2013",
        "lat": 37.333988,
        "long": -121.894902,
        "mean_tempruture_f": null,
        "name": "Santa Clara at Almaden",
        "station_id": 4,
        "trips_id": null
    },
    {
        "city": "San Jose",
        "dock_count": 19,
        "installation_date": "8/5/2013",
        "lat": 37.331415,
        "long": -121.8932,
        "mean_tempruture_f": null,
        "name": "Adobe on Almaden",
        "station_id": 5,
        "trips_id": null
    },
    {
        "city": "San Jose",
        "dock_count": 15,
        "installation_date": "8/7/2013",
        "lat": 37.336721000000004,
        "long": -121.894074,
        "mean_tempruture_f": null,
        "name": "San Pedro Square",
        "station_id": 6,
        "trips_id": null
    },
    {
        "city": "San Jose",
        "dock_count": 15,
        "installation_date": "8/7/2013",
        "lat": 37.333798,
        "long": -121.88694299999999,
        "mean_tempruture_f": null,
        "name": "Paseo de San Antonio",
        "station_id": 7,
        "trips_id": null
    },
    {
        "city": "San Jose",
        "dock_count": 15,
        "installation_date": "8/5/2013",
        "lat": 37.330165,
        "long": -121.88583100000001,
        "mean_tempruture_f": null,
        "name": "San Salvador at 1st",
        "station_id": 8,
        "trips_id": null
    },
    {
        "city": "San Jose",
        "dock_count": 15,
        "installation_date": "8/5/2013",
        "lat": 37.348742,
        "long": -121.89471499999999,
        "mean_tempruture_f": null,
        "name": "Japantown",
        "station_id": 9,
        "trips_id": null
    },
    {
        "city": "San Jose",
        "dock_count": 15,
        "installation_date": "8/6/2013",
        "lat": 37.337391,
        "long": -121.886995,
        "mean_tempruture_f": null,
        "name": "San Jose City Hall",
        "station_id": 10,
        "trips_id": null
    },
    {
        "city": "San Jose",
        "dock_count": 19,
        "installation_date": "8/6/2013",
        "lat": 37.335885,
        "long": -121.88566000000002,
        "mean_tempruture_f": null,
        "name": "MLK Library",
        "station_id": 11,
        "trips_id": null
    },
    {
        "city": "San Jose",
        "dock_count": 19,
        "installation_date": "8/7/2013",
        "lat": 37.332808,
        "long": -121.88389099999999,
        "mean_tempruture_f": null,
        "name": "SJSU 4th at San Carlos",
        "station_id": 12,
        "trips_id": null
    },
    {
        "city": "San Jose",
        "dock_count": 15,
        "installation_date": "8/6/2013",
        "lat": 37.339301,
        "long": -121.88993700000002,
        "mean_tempruture_f": null,
        "name": "St James Park",
        "station_id": 13,
        "trips_id": null
    },
    {
        "city": "San Jose",
        "dock_count": 19,
        "installation_date": "8/5/2013",
        "lat": 37.332692,
        "long": -121.900084,
        "mean_tempruture_f": null,
        "name": "Arena Green / SAP Center",
        "station_id": 14,
        "trips_id": null
    },
    {
        "city": "San Jose",
        "dock_count": 15,
        "installation_date": "8/7/2013",
        "lat": 37.333954999999996,
        "long": -121.877349,
        "mean_tempruture_f": null,
        "name": "SJSU - San Salvador at 9th",
        "station_id": 16,
        "trips_id": null
    },
    {
        "city": "Redwood City",
        "dock_count": 15,
        "installation_date": "8/12/2013",
        "lat": 37.481758,
        "long": -122.226904,
        "mean_tempruture_f": null,
        "name": "Franklin at Maple",
        "station_id": 21,
        "trips_id": null
    },
    {
        "city": "Redwood City",
        "dock_count": 25,
        "installation_date": "8/15/2013",
        "lat": 37.486078000000006,
        "long": -122.23208899999999,
        "mean_tempruture_f": null,
        "name": "Redwood City Caltrain Station",
        "station_id": 22,
        "trips_id": null
    },
    {
        "city": "Redwood City",
        "dock_count": 15,
        "installation_date": "8/15/2013",
        "lat": 37.487615999999996,
        "long": -122.229951,
        "mean_tempruture_f": null,
        "name": "San Mateo County Center",
        "station_id": 23,
        "trips_id": null
    },
    {
        "city": "Redwood City",
        "dock_count": 15,
        "installation_date": "8/12/2013",
        "lat": 37.484219,
        "long": -122.227424,
        "mean_tempruture_f": null,
        "name": "Redwood City Public Library",
        "station_id": 24,
        "trips_id": null
    },
    {
        "city": "Redwood City",
        "dock_count": 15,
        "installation_date": "8/12/2013",
        "lat": 37.48537,
        "long": -122.20328799999999,
        "mean_tempruture_f": null,
        "name": "Stanford in Redwood City",
        "station_id": 25,
        "trips_id": null
    },
    {
        "city": "Redwood City",
        "dock_count": 15,
        "installation_date": "8/12/2013",
        "lat": 37.487682,
        "long": -122.223492,
        "mean_tempruture_f": null,
        "name": "Redwood City Medical Center",
        "station_id": 26,
        "trips_id": null
    },
    {
        "city": "Mountain View",
        "dock_count": 15,
        "installation_date": "8/16/2013",
        "lat": 37.389218,
        "long": -122.081896,
        "mean_tempruture_f": null,
        "name": "Mountain View City Hall",
        "station_id": 27,
        "trips_id": null
    },
    {
        "city": "Mountain View",
        "dock_count": 23,
        "installation_date": "8/15/2013",
        "lat": 37.394358000000004,
        "long": -122.07671299999998,
        "mean_tempruture_f": null,
        "name": "Mountain View Caltrain Station",
        "station_id": 28,
        "trips_id": null
    },
    {
        "city": "Mountain View",
        "dock_count": 23,
        "installation_date": "8/15/2013",
        "lat": 37.406940000000006,
        "long": -122.10675800000001,
        "mean_tempruture_f": null,
        "name": "San Antonio Caltrain Station",
        "station_id": 29,
        "trips_id": null
    },
    {
        "city": "Mountain View",
        "dock_count": 15,
        "installation_date": "8/16/2013",
        "lat": 37.390277000000005,
        "long": -122.066553,
        "mean_tempruture_f": null,
        "name": "Evelyn Park and Ride",
        "station_id": 30,
        "trips_id": null
    },
    {
        "city": "Mountain View",
        "dock_count": 15,
        "installation_date": "12/31/2013",
        "lat": 37.400443,
        "long": -122.10833799999999,
        "mean_tempruture_f": null,
        "name": "San Antonio Shopping Center",
        "station_id": 31,
        "trips_id": null
    },
    {
        "city": "Mountain View",
        "dock_count": 11,
        "installation_date": "12/31/2013",
        "lat": 37.385956,
        "long": -122.083678,
        "mean_tempruture_f": null,
        "name": "Castro Street and El Camino Real",
        "station_id": 32,
        "trips_id": null
    },
    {
        "city": "Mountain View",
        "dock_count": 15,
        "installation_date": "8/16/2013",
        "lat": 37.400240999999994,
        "long": -122.099076,
        "mean_tempruture_f": null,
        "name": "Rengstorff Avenue / California Street",
        "station_id": 33,
        "trips_id": null
    },
    {
        "city": "Palo Alto",
        "dock_count": 23,
        "installation_date": "8/14/2013",
        "lat": 37.443988,
        "long": -122.164759,
        "mean_tempruture_f": null,
        "name": "Palo Alto Caltrain Station",
        "station_id": 34,
        "trips_id": null
    },
    {
        "city": "Palo Alto",
        "dock_count": 11,
        "installation_date": "8/15/2013",
        "lat": 37.444521,
        "long": -122.16309299999999,
        "mean_tempruture_f": null,
        "name": "University and Emerson",
        "station_id": 35,
        "trips_id": null
    },
    {
        "city": "Palo Alto",
        "dock_count": 15,
        "installation_date": "8/14/2013",
        "lat": 37.429082,
        "long": -122.14280500000001,
        "mean_tempruture_f": null,
        "name": "California Ave Caltrain Station",
        "station_id": 36,
        "trips_id": null
    },
    {
        "city": "Palo Alto",
        "dock_count": 11,
        "installation_date": "8/14/2013",
        "lat": 37.448598,
        "long": -122.159504,
        "mean_tempruture_f": null,
        "name": "Cowper at University",
        "station_id": 37,
        "trips_id": null
    },
    {
        "city": "Palo Alto",
        "dock_count": 15,
        "installation_date": "8/14/2013",
        "lat": 37.425683899999996,
        "long": -122.13777749999998,
        "mean_tempruture_f": null,
        "name": "Park at Olive",
        "station_id": 38,
        "trips_id": null
    },
    {
        "city": "San Francisco",
        "dock_count": 19,
        "installation_date": "8/25/2013",
        "lat": 37.783871000000005,
        "long": -122.408433,
        "mean_tempruture_f": null,
        "name": "Powell Street BART",
        "station_id": 39,
        "trips_id": null
    },
    {
        "city": "San Francisco",
        "dock_count": 15,
        "installation_date": "8/19/2013",
        "lat": 37.795001,
        "long": -122.39997,
        "mean_tempruture_f": null,
        "name": "Clay at Battery",
        "station_id": 41,
        "trips_id": null
    },
    {
        "city": "San Francisco",
        "dock_count": 15,
        "installation_date": "8/19/2013",
        "lat": 37.79728,
        "long": -122.398436,
        "mean_tempruture_f": null,
        "name": "Davis at Jackson",
        "station_id": 42,
        "trips_id": null
    },
    {
        "city": "San Francisco",
        "dock_count": 15,
        "installation_date": "8/19/2013",
        "lat": 37.794230999999996,
        "long": -122.402923,
        "mean_tempruture_f": null,
        "name": "Commercial at Montgomery",
        "station_id": 45,
        "trips_id": null
    },
    {
        "city": "San Francisco",
        "dock_count": 15,
        "installation_date": "8/19/2013",
        "lat": 37.795425,
        "long": -122.40476699999999,
        "mean_tempruture_f": null,
        "name": "Washington at Kearney",
        "station_id": 46,
        "trips_id": null
    },
    {
        "city": "San Francisco",
        "dock_count": 19,
        "installation_date": "8/19/2013",
        "lat": 37.788975,
        "long": -122.403452,
        "mean_tempruture_f": null,
        "name": "Post at Kearney",
        "station_id": 47,
        "trips_id": null
    },
    {
        "city": "San Francisco",
        "dock_count": 15,
        "installation_date": "8/19/2013",
        "lat": 37.799953,
        "long": -122.398525,
        "mean_tempruture_f": null,
        "name": "Embarcadero at Vallejo",
        "station_id": 48,
        "trips_id": null
    },
    {
        "city": "San Francisco",
        "dock_count": 19,
        "installation_date": "8/20/2013",
        "lat": 37.790302000000004,
        "long": -122.39063700000001,
        "mean_tempruture_f": null,
        "name": "Spear at Folsom",
        "station_id": 49,
        "trips_id": null
    },
    {
        "city": "San Francisco",
        "dock_count": 23,
        "installation_date": "8/20/2013",
        "lat": 37.795392,
        "long": -122.394203,
        "mean_tempruture_f": null,
        "name": "Harry Bridges Plaza (Ferry Building)",
        "station_id": 50,
        "trips_id": null
    },
    {
        "city": "San Francisco",
        "dock_count": 19,
        "installation_date": "8/20/2013",
        "lat": 37.791464000000005,
        "long": -122.391034,
        "mean_tempruture_f": null,
        "name": "Embarcadero at Folsom",
        "station_id": 51,
        "trips_id": null
    },
    {
        "city": "San Francisco",
        "dock_count": 15,
        "installation_date": "8/20/2013",
        "lat": 37.787152,
        "long": -122.38801299999999,
        "mean_tempruture_f": null,
        "name": "Embarcadero at Bryant",
        "station_id": 54,
        "trips_id": null
    },
    {
        "city": "San Francisco",
        "dock_count": 23,
        "installation_date": "8/20/2013",
        "lat": 37.789756,
        "long": -122.39464299999999,
        "mean_tempruture_f": null,
        "name": "Temporary Transbay Terminal (Howard at Beale)",
        "station_id": 55,
        "trips_id": null
    },
    {
        "city": "San Francisco",
        "dock_count": 19,
        "installation_date": "8/20/2013",
        "lat": 37.792251,
        "long": -122.39708600000002,
        "mean_tempruture_f": null,
        "name": "Beale at Market",
        "station_id": 56,
        "trips_id": null
    },
    {
        "city": "San Francisco",
        "dock_count": 15,
        "installation_date": "8/21/2013",
        "lat": 37.781752000000004,
        "long": -122.40512700000001,
        "mean_tempruture_f": null,
        "name": "5th at Howard",
        "station_id": 57,
        "trips_id": null
    },
    {
        "city": "San Francisco",
        "dock_count": 19,
        "installation_date": "8/21/2013",
        "lat": 37.77865,
        "long": -122.41823500000001,
        "mean_tempruture_f": null,
        "name": "San Francisco City Hall",
        "station_id": 58,
        "trips_id": null
    },
    {
        "city": "San Francisco",
        "dock_count": 23,
        "installation_date": "8/21/2013",
        "lat": 37.781332,
        "long": -122.418603,
        "mean_tempruture_f": null,
        "name": "Golden Gate at Polk",
        "station_id": 59,
        "trips_id": null
    },
    {
        "city": "San Francisco",
        "dock_count": 15,
        "installation_date": "8/21/2013",
        "lat": 37.80477,
        "long": -122.40323400000001,
        "mean_tempruture_f": null,
        "name": "Embarcadero at Sansome",
        "station_id": 60,
        "trips_id": null
    },
    {
        "city": "San Francisco",
        "dock_count": 27,
        "installation_date": "8/22/2013",
        "lat": 37.780526,
        "long": -122.39028799999998,
        "mean_tempruture_f": null,
        "name": "2nd at Townsend",
        "station_id": 61,
        "trips_id": null
    },
    {
        "city": "San Francisco",
        "dock_count": 19,
        "installation_date": "8/22/2013",
        "lat": 37.785299,
        "long": -122.39623600000002,
        "mean_tempruture_f": null,
        "name": "2nd at Folsom",
        "station_id": 62,
        "trips_id": null
    },
    {
        "city": "San Francisco",
        "dock_count": 19,
        "installation_date": "8/22/2013",
        "lat": 37.786978000000005,
        "long": -122.39810800000001,
        "mean_tempruture_f": null,
        "name": "Howard at 2nd",
        "station_id": 63,
        "trips_id": null
    },
    {
        "city": "San Francisco",
        "dock_count": 15,
        "installation_date": "8/22/2013",
        "lat": 37.782259,
        "long": -122.392738,
        "mean_tempruture_f": null,
        "name": "2nd at South Park",
        "station_id": 64,
        "trips_id": null
    },
    {
        "city": "San Francisco",
        "dock_count": 15,
        "installation_date": "8/22/2013",
        "lat": 37.771058000000004,
        "long": -122.402717,
        "mean_tempruture_f": null,
        "name": "Townsend at 7th",
        "station_id": 65,
        "trips_id": null
    },
    {
        "city": "San Francisco",
        "dock_count": 19,
        "installation_date": "8/23/2013",
        "lat": 37.774814,
        "long": -122.418954,
        "mean_tempruture_f": null,
        "name": "South Van Ness at Market",
        "station_id": 66,
        "trips_id": null
    },
    {
        "city": "San Francisco",
        "dock_count": 27,
        "installation_date": "8/23/2013",
        "lat": 37.776619000000004,
        "long": -122.41738500000001,
        "mean_tempruture_f": null,
        "name": "Market at 10th",
        "station_id": 67,
        "trips_id": null
    },
    {
        "city": "San Francisco",
        "dock_count": 19,
        "installation_date": "8/23/2013",
        "lat": 37.784878000000006,
        "long": -122.40101399999999,
        "mean_tempruture_f": null,
        "name": "Yerba Buena Center of the Arts (3rd @ Howard)",
        "station_id": 68,
        "trips_id": null
    },
    {
        "city": "San Francisco",
        "dock_count": 23,
        "installation_date": "8/23/2013",
        "lat": 37.7766,
        "long": -122.39546999999999,
        "mean_tempruture_f": null,
        "name": "San Francisco Caltrain 2 (330 Townsend)",
        "station_id": 69,
        "trips_id": null
    },
    {
        "city": "San Francisco",
        "dock_count": 19,
        "installation_date": "8/23/2013",
        "lat": 37.776617,
        "long": -122.39526000000001,
        "mean_tempruture_f": null,
        "name": "San Francisco Caltrain (Townsend at 4th)",
        "station_id": 70,
        "trips_id": null
    },
    {
        "city": "San Francisco",
        "dock_count": 19,
        "installation_date": "8/23/2013",
        "lat": 37.788446,
        "long": -122.408499,
        "mean_tempruture_f": null,
        "name": "Powell at Post (Union Square)",
        "station_id": 71,
        "trips_id": null
    },
    {
        "city": "San Francisco",
        "dock_count": 23,
        "installation_date": "8/23/2013",
        "lat": 37.781039,
        "long": -122.411748,
        "mean_tempruture_f": null,
        "name": "Civic Center BART (7th at Market)",
        "station_id": 72,
        "trips_id": null
    },
    {
        "city": "San Francisco",
        "dock_count": 15,
        "installation_date": "8/21/2013",
        "lat": 37.798522,
        "long": -122.40724499999999,
        "mean_tempruture_f": null,
        "name": "Grant Avenue at Columbus Avenue",
        "station_id": 73,
        "trips_id": null
    },
    {
        "city": "San Francisco",
        "dock_count": 23,
        "installation_date": "8/25/2013",
        "lat": 37.794139,
        "long": -122.394434,
        "mean_tempruture_f": null,
        "name": "Steuart at Market",
        "station_id": 74,
        "trips_id": null
    },
    {
        "city": "San Francisco",
        "dock_count": 19,
        "installation_date": "8/25/2013",
        "lat": 37.7913,
        "long": -122.399051,
        "mean_tempruture_f": null,
        "name": "Mechanics Plaza (Market at Battery)",
        "station_id": 75,
        "trips_id": null
    },
    {
        "city": "San Francisco",
        "dock_count": 19,
        "installation_date": "8/25/2013",
        "lat": 37.786305,
        "long": -122.40496599999999,
        "mean_tempruture_f": null,
        "name": "Market at 4th",
        "station_id": 76,
        "trips_id": null
    },
    {
        "city": "San Francisco",
        "dock_count": 27,
        "installation_date": "8/25/2013",
        "lat": 37.789625,
        "long": -122.400811,
        "mean_tempruture_f": null,
        "name": "Market at Sansome",
        "station_id": 77,
        "trips_id": null
    },
    {
        "city": "San Jose",
        "dock_count": 15,
        "installation_date": "12/31/2013",
        "lat": 37.352601,
        "long": -121.90573300000001,
        "mean_tempruture_f": null,
        "name": "Santa Clara County Civic Center",
        "station_id": 80,
        "trips_id": null
    },
    {
        "city": "San Francisco",
        "dock_count": 15,
        "installation_date": "1/22/2014",
        "lat": 37.798541,
        "long": -122.40086200000002,
        "mean_tempruture_f": null,
        "name": "Broadway St at Battery St",
        "station_id": 82,
        "trips_id": null
    },
    {
        "city": "Redwood City",
        "dock_count": 15,
        "installation_date": "2/20/2014",
        "lat": 37.491269,
        "long": -122.23623400000001,
        "mean_tempruture_f": null,
        "name": "Mezes Park",
        "station_id": 83,
        "trips_id": null
    },
    {
        "city": "San Jose",
        "dock_count": 15,
        "installation_date": "4/9/2014",
        "lat": 37.342725,
        "long": -121.89561699999999,
        "mean_tempruture_f": null,
        "name": "Ryland Park",
        "station_id": 84,
        "trips_id": null
    }
]